fold,case_id,dice_D129,dice_D175,diff_dice_D175_minus_D129,id_rate_D129,id_rate_D175,diff_id_rate_D175_minus_D129
0,sub-verse010,0.920181,0.906406,-0.013774999999999982,1.0,1.0,0.0
0,sub-verse011,0.901233,0.906509,0.005276000000000058,0.75,0.666667,-0.08333299999999999
0,sub-verse013,0.939602,0.934772,-0.004830000000000001,1.0,0.9375,-0.0625
0,sub-verse016,0.965255,0.964109,-0.0011459999999999804,1.0,1.0,0.0
0,sub-verse018,0.906465,0.905692,-0.0007729999999999126,1.0,1.0,0.0
0,sub-verse022,0.872696,0.876392,0.0036959999999999216,0.6,1.0,0.4
0,sub-verse023,0.962753,0.95149,-0.011263000000000023,0.5,0.625,0.125
0,sub-verse024,0.957106,0.956395,-0.0007110000000000172,0.9,0.6,-0.30000000000000004
0,sub-verse026,0.952579,0.95362,0.0010410000000000696,1.0,0.909091,-0.09090900000000002
0,sub-verse030,0.962222,0.94542,-0.016801999999999984,1.0,1.0,0.0
0,sub-verse041,0.952371,0.944829,-0.007541999999999938,1.0,1.0,0.0
0,sub-verse047,0.962465,0.960699,-0.0017660000000000453,1.0,1.0,0.0
0,sub-verse058,0.953924,0.949255,-0.004669000000000034,1.0,1.0,0.0
0,sub-verse067,0.932325,0.929729,-0.0025959999999999317,0.7,1.0,0.30000000000000004
0,sub-verse071,0.957345,0.9568,-0.0005450000000000177,1.0,1.0,0.0
0,sub-verse073,0.904161,0.901899,-0.0022619999999999862,1.0,1.0,0.0
0,sub-verse078,0.954425,0.963174,0.008749000000000007,1.0,1.0,0.0
0,sub-verse080,0.944015,0.940264,-0.00375100000000006,1.0,1.0,0.0
0,sub-verse093,0.919399,0.916877,-0.002521999999999913,1.0,1.0,0.0
0,sub-verse095,0.966033,0.964403,-0.0016300000000000203,1.0,1.0,0.0
0,sub-verse116,0.675918,0.674867,-0.0010510000000000241,1.0,1.0,0.0
0,sub-verse124,0.897619,0.897548,-7.099999999993223e-05,1.0,1.0,0.0
0,sub-verse125,0.883723,0.879155,-0.0045680000000000165,1.0,1.0,0.0
0,sub-verse150,0.85849,0.85744,-0.0010499999999999954,1.0,1.0,0.0
0,sub-verse153,0.974166,0.974012,-0.00015399999999998748,1.0,1.0,0.0
0,sub-verse205,0.887837,0.876368,-0.011468999999999951,1.0,1.0,0.0
0,sub-verse221,0.890874,0.891768,0.0008939999999999504,1.0,1.0,0.0
0,sub-verse225,0.877813,0.876025,-0.0017879999999999008,1.0,0.875,-0.125
0,sub-verse230,0.904825,0.940113,0.035287999999999986,1.0,1.0,0.0
0,sub-verse242,0.903712,0.877463,-0.026248999999999967,1.0,1.0,0.0
0,sub-verse252,0.964222,0.964177,-4.500000000007276e-05,0.529412,0.647059,0.11764700000000006
0,sub-verse264,0.960253,0.959397,-0.0008559999999999679,1.0,1.0,0.0
0,sub-verse269,0.957272,0.955961,-0.0013110000000000621,0.8125,0.75,-0.0625
0,sub-verse276,0.952467,0.953008,0.0005410000000000137,1.0,1.0,0.0
0,sub-verse400_split-verse090,0.94417,0.943831,-0.0003389999999999782,1.0,1.0,0.0
0,sub-verse400_split-verse155,0.949702,0.949336,-0.0003660000000000885,1.0,1.0,0.0
0,sub-verse404_split-verse209,0.936336,0.941004,0.0046680000000000055,1.0,1.0,0.0
0,sub-verse404_split-verse256,0.977226,0.976557,-0.0006690000000000307,1.0,1.0,0.0
0,sub-verse412_split-verse235,0.892473,0.907995,0.015522000000000036,1.0,1.0,0.0
0,sub-verse412_split-verse290,0.965706,0.963636,-0.0020699999999999052,0.947368,1.0,0.05263200000000001
1,sub-verse010,0.909042,0.899444,-0.009597999999999995,1.0,1.0,0.0
1,sub-verse011,0.91059,0.905244,-0.005345999999999962,0.916667,0.833333,-0.08333400000000002
1,sub-verse013,0.953842,0.947299,-0.0065429999999999655,1.0,1.0,0.0
1,sub-verse016,0.960512,0.965179,0.004666999999999977,1.0,1.0,0.0
1,sub-verse018,0.921914,0.912123,-0.009790999999999994,1.0,1.0,0.0
1,sub-verse022,0.879211,0.879784,0.0005730000000000457,1.0,1.0,0.0
1,sub-verse023,0.950791,0.95566,0.004868999999999901,0.5,0.5,0.0
1,sub-verse024,0.95446,0.956507,0.002047000000000021,0.9,0.8,-0.09999999999999998
1,sub-verse026,0.956004,0.956609,0.0006050000000000777,1.0,1.0,0.0
1,sub-verse030,0.969742,0.932477,-0.03726499999999999,1.0,1.0,0.0
1,sub-verse041,0.95023,0.948275,-0.00195500000000004,1.0,1.0,0.0
1,sub-verse047,0.951725,0.955097,0.0033719999999999306,1.0,1.0,0.0
1,sub-verse058,0.954937,0.952784,-0.0021530000000000715,1.0,1.0,0.0
1,sub-verse067,0.948029,0.945179,-0.002850000000000019,1.0,1.0,0.0
1,sub-verse071,0.956824,0.957732,0.0009080000000000199,1.0,1.0,0.0
1,sub-verse073,0.903145,0.903439,0.00029400000000001647,1.0,1.0,0.0
1,sub-verse078,0.949435,0.947044,-0.002391000000000032,1.0,1.0,0.0
1,sub-verse080,0.942472,0.941214,-0.0012579999999999814,1.0,1.0,0.0
1,sub-verse093,0.90672,0.907704,0.0009839999999999849,0.888889,0.777778,-0.11111100000000007
1,sub-verse095,0.966644,0.965718,-0.0009259999999999824,1.0,1.0,0.0
1,sub-verse116,0.675271,0.675093,-0.00017799999999990046,1.0,1.0,0.0
1,sub-verse124,0.892372,0.892601,0.0002289999999999237,1.0,1.0,0.0
1,sub-verse125,0.881182,0.879007,-0.002175000000000038,1.0,1.0,0.0
1,sub-verse150,0.858392,0.862163,0.003770999999999969,1.0,1.0,0.0
1,sub-verse153,0.973945,0.973939,-5.999999999950489e-06,1.0,1.0,0.0
1,sub-verse205,0.880584,0.883663,0.003078999999999943,1.0,1.0,0.0
1,sub-verse221,0.886103,0.890046,0.00394300000000003,1.0,1.0,0.0
1,sub-verse225,0.900718,0.904314,0.0035959999999999326,1.0,1.0,0.0
1,sub-verse230,0.920273,0.921751,0.0014779999999999793,1.0,1.0,0.0
1,sub-verse242,0.877828,0.914766,0.036937999999999915,1.0,1.0,0.0
1,sub-verse252,0.967996,0.966287,-0.0017089999999999606,0.411765,0.588235,0.17646999999999996
1,sub-verse264,0.959627,0.956833,-0.002793999999999963,1.0,0.882353,-0.11764699999999995
1,sub-verse269,0.955157,0.957429,0.0022719999999999407,0.875,0.875,0.0
1,sub-verse276,0.95318,0.952841,-0.0003389999999999782,1.0,1.0,0.0
1,sub-verse400_split-verse090,0.944034,0.938102,-0.005932000000000048,1.0,1.0,0.0
1,sub-verse400_split-verse155,0.951106,0.95351,0.0024039999999999617,1.0,1.0,0.0
1,sub-verse404_split-verse209,0.934743,0.953465,0.018722000000000016,1.0,1.0,0.0
1,sub-verse404_split-verse256,0.976926,0.976779,-0.00014700000000000824,1.0,1.0,0.0
1,sub-verse412_split-verse235,0.890832,0.88896,-0.0018719999999999848,1.0,1.0,0.0
1,sub-verse412_split-verse290,0.959475,0.961265,0.0017900000000000693,0.894737,1.0,0.105263
2,sub-verse010,0.91255,0.892242,-0.020307999999999993,1.0,1.0,0.0
2,sub-verse011,0.90809,0.901388,-0.006701999999999986,0.916667,0.75,-0.166667
2,sub-verse013,0.953781,0.948758,-0.005023,0.875,0.75,-0.125
2,sub-verse016,0.962294,0.964434,0.0021400000000000308,1.0,1.0,0.0
2,sub-verse018,0.907965,0.898831,-0.009133999999999975,1.0,0.875,-0.125
2,sub-verse022,0.877183,0.877371,0.00018799999999996597,1.0,1.0,0.0
2,sub-verse023,0.951838,0.95458,0.002742000000000022,0.5,0.625,0.125
2,sub-verse024,0.957669,0.958136,0.0004669999999999952,0.6,0.6,0.0
2,sub-verse026,0.955364,0.955211,-0.00015299999999995872,1.0,1.0,0.0
2,sub-verse030,0.956598,0.918352,-0.038246,1.0,1.0,0.0
2,sub-verse041,0.947026,0.945673,-0.0013530000000000486,1.0,1.0,0.0
2,sub-verse047,0.953043,0.953746,0.0007030000000000092,1.0,0.941176,-0.05882399999999999
2,sub-verse058,0.928059,0.920342,-0.007716999999999974,1.0,1.0,0.0
2,sub-verse067,0.936524,0.935286,-0.0012380000000000724,1.0,1.0,0.0
2,sub-verse071,0.95267,0.9569,0.004229999999999956,1.0,1.0,0.0
2,sub-verse073,0.903111,0.904634,0.001523000000000052,1.0,1.0,0.0
2,sub-verse078,0.948139,0.950291,0.0021520000000000428,1.0,1.0,0.0
2,sub-verse080,0.940597,0.941302,0.0007049999999999557,1.0,1.0,0.0
2,sub-verse093,0.915946,0.917859,0.0019129999999999425,1.0,1.0,0.0
2,sub-verse095,0.962494,0.964838,0.0023440000000000127,1.0,0.941176,-0.05882399999999999
2,sub-verse116,0.674701,0.674719,1.799999999996249e-05,1.0,1.0,0.0
2,sub-verse124,0.893379,0.894673,0.0012940000000000174,1.0,1.0,0.0
2,sub-verse125,0.869407,0.876528,0.007120999999999933,1.0,1.0,0.0
2,sub-verse150,0.856818,0.855032,-0.0017859999999999543,1.0,0.833333,-0.166667
2,sub-verse153,0.973571,0.97214,-0.00143099999999996,1.0,1.0,0.0
2,sub-verse205,0.85521,0.857152,0.0019419999999999993,1.0,1.0,0.0
2,sub-verse221,0.891994,0.889373,-0.0026209999999999845,1.0,1.0,0.0
2,sub-verse225,0.881813,0.888331,0.006518000000000024,0.875,0.875,0.0
2,sub-verse230,0.947298,0.935181,-0.012116999999999933,1.0,1.0,0.0
2,sub-verse242,0.84992,0.858507,0.008587000000000011,1.0,1.0,0.0
2,sub-verse252,0.963536,0.963504,-3.199999999992098e-05,0.529412,0.470588,-0.05882399999999999
2,sub-verse264,0.958492,0.958479,-1.3000000000040757e-05,1.0,1.0,0.0
2,sub-verse269,0.955455,0.95574,0.0002849999999999797,0.75,0.875,0.125
2,sub-verse276,0.951226,0.952442,0.0012159999999999949,1.0,1.0,0.0
2,sub-verse400_split-verse090,0.89277,0.896099,0.0033290000000000264,1.0,1.0,0.0
2,sub-verse400_split-verse155,0.951991,0.95076,-0.0012309999999999821,1.0,1.0,0.0
2,sub-verse404_split-verse209,0.955452,0.949311,-0.006140999999999952,1.0,1.0,0.0
2,sub-verse404_split-verse256,0.974685,0.974838,0.00015299999999995872,1.0,1.0,0.0
2,sub-verse412_split-verse235,0.932098,0.895304,-0.03679399999999999,1.0,1.0,0.0
2,sub-verse412_split-verse290,0.961541,0.960002,-0.001538999999999957,0.842105,0.947368,0.105263
3,sub-verse010,0.909736,0.902946,-0.006789999999999963,1.0,1.0,0.0
3,sub-verse011,0.908615,0.90792,-0.0006950000000000012,0.666667,0.666667,0.0
3,sub-verse013,0.940387,0.942994,0.002607000000000026,1.0,1.0,0.0
3,sub-verse016,0.963949,0.962188,-0.0017609999999999015,1.0,1.0,0.0
3,sub-verse018,0.910344,0.909162,-0.0011820000000000164,1.0,1.0,0.0
3,sub-verse022,0.876442,0.87616,-0.00028200000000000447,1.0,1.0,0.0
3,sub-verse023,0.954606,0.954949,0.00034300000000009323,0.625,0.625,0.0
3,sub-verse024,0.956638,0.95641,-0.00022800000000000598,0.8,0.8,0.0
3,sub-verse026,0.955559,0.953497,-0.0020620000000000083,1.0,0.909091,-0.09090900000000002
3,sub-verse030,0.959851,0.969639,0.009788000000000019,1.0,1.0,0.0
3,sub-verse041,0.951035,0.950394,-0.0006410000000000027,0.888889,0.944444,0.05555499999999991
3,sub-verse047,0.960446,0.958564,-0.0018820000000000503,0.941176,0.823529,-0.11764700000000006
3,sub-verse058,0.958029,0.951573,-0.006456000000000017,1.0,1.0,0.0
3,sub-verse067,0.926851,0.93009,0.003238999999999992,0.5,0.9,0.4
3,sub-verse071,0.95672,0.956198,-0.0005220000000000224,1.0,1.0,0.0
3,sub-verse073,0.903236,0.905262,0.0020259999999999723,1.0,1.0,0.0
3,sub-verse078,0.953911,0.948299,-0.00561199999999995,1.0,1.0,0.0
3,sub-verse080,0.942295,0.941234,-0.0010609999999999786,1.0,1.0,0.0
3,sub-verse093,0.92119,0.917496,-0.003693999999999975,1.0,1.0,0.0
3,sub-verse095,0.965663,0.966542,0.0008789999999999631,1.0,1.0,0.0
3,sub-verse116,0.675467,0.673388,-0.002079000000000053,1.0,1.0,0.0
3,sub-verse124,0.893198,0.892086,-0.0011120000000000019,1.0,1.0,0.0
3,sub-verse125,0.882627,0.880727,-0.0019000000000000128,1.0,1.0,0.0
3,sub-verse150,0.858269,0.857499,-0.0007699999999999374,0.666667,1.0,0.333333
3,sub-verse153,0.971695,0.971625,-7.00000000000145e-05,1.0,1.0,0.0
3,sub-verse205,0.920021,0.89157,-0.028451000000000004,1.0,1.0,0.0
3,sub-verse221,0.888306,0.885164,-0.003142000000000089,1.0,1.0,0.0
3,sub-verse225,0.874178,0.900285,0.02610699999999999,0.875,1.0,0.125
3,sub-verse230,0.908073,0.91825,0.010176999999999992,1.0,1.0,0.0
3,sub-verse242,0.86777,0.892039,0.024268999999999985,1.0,1.0,0.0
3,sub-verse252,0.966598,0.965508,-0.0010899999999999244,0.294118,0.294118,0.0
3,sub-verse264,0.956807,0.958619,0.0018120000000000358,0.941176,0.823529,-0.11764700000000006
3,sub-verse269,0.955507,0.954547,-0.0009599999999999609,0.8125,0.75,-0.0625
3,sub-verse276,0.951482,0.950685,-0.0007970000000000477,1.0,1.0,0.0
3,sub-verse400_split-verse090,0.926569,0.929409,0.0028400000000000647,1.0,1.0,0.0
3,sub-verse400_split-verse155,0.949691,0.94819,-0.0015009999999999746,1.0,1.0,0.0
3,sub-verse404_split-verse209,0.949225,0.952316,0.003091000000000066,1.0,1.0,0.0
3,sub-verse404_split-verse256,0.976085,0.976606,0.0005209999999999937,1.0,1.0,0.0
3,sub-verse412_split-verse235,0.891135,0.890997,-0.00013799999999997148,1.0,1.0,0.0
3,sub-verse412_split-verse290,0.963755,0.963175,-0.0005800000000000249,0.894737,0.947368,0.05263099999999998
4,sub-verse010,0.891903,0.899028,0.007125000000000048,1.0,1.0,0.0
4,sub-verse011,0.909982,0.907813,-0.0021689999999999765,0.916667,0.833333,-0.08333400000000002
4,sub-verse013,0.942179,0.941041,-0.0011379999999999724,0.875,1.0,0.125
4,sub-verse016,0.962485,0.96454,0.002054999999999918,1.0,1.0,0.0
4,sub-verse018,0.9126,0.911712,-0.0008879999999999999,1.0,0.9375,-0.0625
4,sub-verse022,0.880915,0.882466,0.001550999999999969,1.0,1.0,0.0
4,sub-verse023,0.956529,0.954628,-0.0019009999999999305,0.5,0.5,0.0
4,sub-verse024,0.956155,0.956617,0.00046200000000007346,0.9,1.0,0.09999999999999998
4,sub-verse026,0.951679,0.954541,0.00286199999999992,0.909091,0.909091,0.0
4,sub-verse030,0.962904,0.95267,-0.010233999999999965,1.0,1.0,0.0
4,sub-verse041,0.950431,0.950799,0.00036799999999992394,1.0,1.0,0.0
4,sub-verse047,0.958878,0.957566,-0.0013119999999999798,1.0,1.0,0.0
4,sub-verse058,0.954444,0.957549,0.0031050000000000244,1.0,1.0,0.0
4,sub-verse067,0.930562,0.945222,0.014660000000000006,1.0,1.0,0.0
4,sub-verse071,0.957481,0.956986,-0.0004950000000000232,1.0,1.0,0.0
4,sub-verse073,0.902999,0.901087,-0.0019120000000000248,1.0,1.0,0.0
4,sub-verse078,0.94896,0.951526,0.002565999999999957,1.0,1.0,0.0
4,sub-verse080,0.942486,0.944117,0.001630999999999938,1.0,1.0,0.0
4,sub-verse093,0.916744,0.91184,-0.0049040000000000195,1.0,1.0,0.0
4,sub-verse095,0.964044,0.965287,0.0012429999999999941,1.0,1.0,0.0
4,sub-verse116,0.675044,0.673535,-0.0015089999999999826,1.0,1.0,0.0
4,sub-verse124,0.895797,0.895316,-0.0004809999999999537,1.0,1.0,0.0
4,sub-verse125,0.882847,0.879478,-0.0033690000000000664,1.0,1.0,0.0
4,sub-verse150,0.85904,0.855222,-0.003817999999999988,0.833333,0.833333,0.0
4,sub-verse153,0.974085,0.973861,-0.00022400000000000198,1.0,1.0,0.0
4,sub-verse205,0.907029,0.904332,-0.0026969999999999494,1.0,1.0,0.0
4,sub-verse221,0.890471,0.888068,-0.002403000000000044,1.0,1.0,0.0
4,sub-verse225,0.893192,0.875267,-0.01792499999999997,1.0,0.875,-0.125
4,sub-verse230,0.939001,0.914209,-0.024791999999999925,1.0,1.0,0.0
4,sub-verse242,0.916141,0.931809,0.015668000000000015,1.0,1.0,0.0
4,sub-verse252,0.964646,0.964849,0.00020299999999995322,0.647059,0.647059,0.0
4,sub-verse264,0.959326,0.959909,0.0005830000000000002,0.882353,1.0,0.11764699999999995
4,sub-verse269,0.958469,0.957278,-0.0011910000000000531,0.875,0.875,0.0
4,sub-verse276,0.952322,0.951704,-0.0006180000000000074,1.0,1.0,0.0
4,sub-verse400_split-verse090,0.911927,0.918405,0.006477999999999984,1.0,1.0,0.0
4,sub-verse400_split-verse155,0.949535,0.949885,0.00034999999999996145,1.0,1.0,0.0
4,sub-verse404_split-verse209,0.957725,0.957193,-0.000532000000000088,1.0,1.0,0.0
4,sub-verse404_split-verse256,0.976776,0.977035,0.0002590000000000092,1.0,1.0,0.0
4,sub-verse412_split-verse235,0.911288,0.893264,-0.01802400000000004,1.0,1.0,0.0
4,sub-verse412_split-verse290,0.964808,0.9627,-0.0021079999999999988,0.947368,0.894737,-0.05263099999999998
